symbols	vmsize	filesize
[section .rodata]	108887	108887
method_cache	98304	37
PyEval_EvalFrameEx	38980	39023
fastlex_MatchOshToken	23314	23360
[section .text]	14478	14478
PyType_Ready	9500	9537
convertitem	9309	9345
[section .symtab]	0	8352
PyString_Format	7061	7101
_PyExc_Init	6143	6179
__libc_csu_init	5549	5943
slotdefs	5600	5633
[section .dynsym]	5568	5568
marshal_dumps	5528	5566
marshal_dump	5505	5542
[section .strtab]	0	5366
w_object	4763	4796
type_new	4605	4638
r_object	4284	4317
float_richcompare	4235	4277
emacs_meta_keymap	4178	108
collect	4064	4096
long_pow	3944	3977
[section .data]	3833	3833
k_mul	3674	3704
warn_explicit	3654	3692
listsort	3652	3685
[section .plt]	3600	3600
_pystat_fromstructstat	3504	3551
merge_at	3439	3472
PyLong_FromString	3329	3371
long_true_divide	3291	3332
float_pow	3276	3310
string_translate	3132	3173
[Unmapped]	0	2938
import_module_level.isra.9	2837	2888
initsignal	2849	2884
posix_methods	2816	2854
initfcntl	2808	2842
initerrno	2781	2815
find_module	2731	2755
string_replace	2715	2754
long_xor	2684	2717
PyString_FromFormatV	2577	2622
_PySys_Init	2543	2579
reduce_2	2440	2473
initposix	2433	2467
string_split	2378	2415
float_fromhex	2361	2399
builtin_filter	2333	2372
PyEval_EvalCodeEx	2312	2354
long_and	2283	2316
long_or	2283	2315
PyErr_GivenExceptionMatches.part.0	2237	2296
do_mkvalue	2254	2289
_Py_ReadyTypes	2231	2270
_PyString_FormatLong	2189	2234
_PyLong_Frexp	2170	2208
posix_constants_sysconf	2144	2192
[section .dynstr]	2165	2165
string_rsplit	2121	2159
free_list	2120	226
small_ints	2096	35
opcode_targets.9571	2048	2092
PyErr_Display	2020	2058
zipimporter_init	2008	2049
characters	2048	35
PyObject_IsInstance	1949	1993
[ELF Headers]	0	1984
x_divrem	1900	1933
type_set_bases	1886	1925
solid_base	1817	1852
_PyLong_Format	1802	1841
vgetargs1	1789	1823
[section .got.plt]	1816	1816
get_module_code	1731	1771
find_module.constprop.11	1714	1763
PyMember_SetOne	1683	1723
long_rshift	1671	1707
l_divmod	1669	1702
vgetargskeywords	1655	1696
Py_InitializeEx	1648	1688
builtin_methods	1632	1672
subtype_dealloc	1624	1651
_Py_HashDouble	1570	1609
long_lshift	1573	1609
do_binop	1564	1597
mro_internal	1545	1582
PyObject_RichCompareBool	1507	1556
PyObject_Malloc	1514	1554
file_readlines	1506	1545
list_ass_slice	1499	1538
PyClass_IsSubclass	1491	1534
list_ass_subscript	1484	1527
set_update_internal	1476	1520
PyImport_Cleanup	1477	1518
PyObject_Compare	1476	1517
frame_setlineno	1454	1494
dictresize	1412	1447
builtin_map	1406	1442
best_base	1405	1439
long_new	1390	1423
handle_range_longs.isra.4	1364	1414
builtin_sum	1355	1391
long_int	1348	1381
ternary_op.isra.5	1335	1377
long_to_decimal_string	1323	1370
load_source_module	1321	1364
imp_load_module	1330	1358
class_new	1317	1351
_PyLong_FromByteArray.constprop.16	1282	1341
gallop_right	1297	1334
get_line	1288	1321
string_methods	1280	1319
gallop_left	1281	1317
posix_execve	1277	1314
float_hex	1259	1293
dictview_richcompare	1244	1289
PyObject_Free	1249	1287
PyObject_ClearWeakRefs	1234	1281
PyNumber_Multiply	1228	1270
half_richcompare	1197	1262
file_read	1221	1255
file_writelines	1207	1247
PyString_DecodeEscape	1195	1241
instance_hash	1195	1233
list_repr	1198	1232
skipitem	1172	1205
gen_throw	1160	1194
PyObject_RichCompare	1145	1190
float_as_integer_ratio	1137	1184
set_intersection_update_multi	1121	1175
instance_ipow	1131	1169
PySys_SetArgvEx	1120	1160
instance_slice	1115	1154
instance_nonzero	1110	1151
get_data	1114	1147
do_warn	1112	1144
instance_getiter	1091	1132
mro_implementation	1086	1129
time_strftime	1087	1125
PyObject_IsSubclass	1069	1113
load_module	1076	1112
set_iand	1068	1101
PyImport_ReloadModule	1032	1078
PyObject_Dir	1039	1076
min_max	1043	1075
fastlex_MatchEchoToken	1023	1070
_PyLong_DigitValue	1024	1067
imp_reload	1032	1067
_Py_ctype_table	1024	1064
PyNumber_InPlaceRshift	1012	1059
usedpools	1024	1058
update_one_slot	1017	1057
listpop	1024	1056
instance_contains	1011	1053
long_abs	1016	1049
PyFrame_New	1011	1047
instance_repr	1003	1041
Handlers	1040	33
gen_del	1003	1035
_PyBuiltin_Init	986	1026
_Py_DisplaySourceLine	979	1025
PyOS_strtoul	977	1014
instance_subscript	971	1014
fcntl_ioctl	968	1004
int_new	972	1004
PyInterpreterState_Clear	948	997
instance_length	955	995
structseq_repr	955	994
int_pow	958	990
PyNumber_Add	951	988
_PyFloat_Pack8	944	983
initimp	949	981
set_table_resize	937	978
long_divmod	938	974
float_floor_div	931	971
PyFrame_LocalsToFast	916	961
builtin_zip	922	958
dict_setdefault	916	956
PyCode_New	920	955
fill_file_fields	914	955
instance_dealloc	913	954
PyInstance_New	913	952
builtin_print	911	949
PyNumber_FloorDivide	903	948
PyNumber_TrueDivide	903	947
w_long	909	940
PyNumber_Or	903	939
PyErr_NormalizeException	888	937
PyNumber_Remainder	887	930
PyNumber_Subtract	887	929
PyNumber_Divide	887	927
PyNumber_Divmod	887	927
PyNumber_Lshift	887	927
PyNumber_Rshift	887	927
buffer_ass_subscript	882	927
PyNumber_Long	887	925
PyNumber_And	887	924
PyNumber_Xor	887	924
long_add	890	923
dict_fromkeys	884	922
supercheck	887	922
Ovm_Main	888	921
class_setattr	883	921
slot_tp_hash	884	921
PyString_Repr	880	918
PyDict_Merge.constprop.12	867	917
instance_iternext	875	917
instance_ass_slice	873	916
PyErr_PrintEx	876	914
file_iternext	875	913
dict_repr	878	912
long_sub	874	907
PyFile_GetLine	861	900
set_richcompare	856	896
open_the_file	857	895
structseq_new	840	894
file_init	855	889
_PyCodec_DecodeText	844	888
instance_index	843	882
PyType_Modified.part.29	833	881
PyErr_Print	844	880
PyObject_GenericGetAttr	831	879
PyFloat_GetInfo	838	878
PyString_InternFromString	822	872
instancemethod_call	828	872
frozenset_new	841	871
long_bit_length	830	870
instance_item	827	865
instance_str	827	864
instance_ifloordiv	817	860
_PyCodec_EncodeText	815	859
instance_itruediv	817	859
PyErr_WriteUnraisable	812	858
instance_ilshift	817	858
instance_irshift	817	858
instance_iadd	817	855
instance_iand	817	855
instance_idiv	817	855
instance_imod	817	855
instance_imul	817	855
instance_isub	817	855
instance_ixor	817	855
instance_ior	817	854
readahead_get_line_skip	806	854
int_lshift	818	853
long_classic_div	810	851
buffer_subscript	808	849
instance_setattr	808	849
import_submodule	802	843
PyObject_CallMethodObjArgs	790	841
list_subscript	802	841
float_rem	806	840
_PyRandom_Init	799	838
PyObject_GenericSetAttr	787	835
instance_invert	795	835
_PyCode_ConstantKey	790	834
instance_float	795	834
assign_slice	795	832
instance_abs	795	832
instance_hex	795	832
instance_neg	795	832
instance_oct	795	832
instance_pos	795	832
PyInt_FromString	789	830
long_mul	797	830
string_join	794	830
set_xor	795	827
PyNumber_Int	789	826
Py_InitModule4_64	783	825
update_keyword_args	781	825
file_readinto	781	819
PyStructSequence_InitType	766	816
binary_op1	780	815
string_endswith	775	815
float_divmod	775	812
characterize.isra.5	766	810
set_or	779	810
readline_methods	768	809
wrapperdescr_call	764	806
_PySequence_IterSearch	757	804
frame_dealloc	765	803
PyFloat_FromString	758	801
_PyCodec_Lookup	756	796
code_new	763	796
long_div	762	795
long_mod	762	795
string_center	755	793
string_subscript	752	793
RunMainFromImporter	747	791
set_difference_update_internal	736	791
PyObject_CallFunctionObjArgs	735	788
string_zfill	751	788
SyntaxError_str	744	784
posix_fdopen	746	783
listextend	747	782
_PyLong_AsInt	743	781
set_difference	741	780
func_new	741	774
sys_methods	736	772
builtin_raw_input	728	770
string_startswith	727	769
PyDict_MergeFromSeq2	723	768
insertdict	730	765
O_writelines	727	764
class_lookup.part.2	720	764
PyWeakref_NewProxy	720	763
slot_tp_getattr_hook	717	762
PyLong_AsLong	723	761
_PyLong_AsByteArray	717	761
set_issuperset.part.1	715	761
lookdict	720	753
set_lookkey	716	752
posix_setgroups	708	748
weakref___new__	708	748
PyWeakref_NewRef	704	745
Py_UniversalNewlineFgets	696	745
_PyImportHooks_Init	701	745
PyBuffer_IsContiguous	698	744
_PyObject_RealIsSubclass	694	743
classmethoddescr_call	714	743
_PyObject_CallFunction_SizeT	689	742
builtin_execfile	701	742
gen_close	708	742
mapp_methods	704	741
int_mul	707	739
EnvironmentError_str	693	738
set_symmetric_difference_update	680	736
PyObject_CallFunction	689	735
warnings_warn_explicit	702	735
x_sub	704	734
float_classic_div	691	733
tp_new_wrapper	694	733
zipimporter_load_module	684	732
string_expandtabs	688	730
set_mro_error	691	729
PyClass_IsSubclass.part.13	675	726
builtin_eval	689	726
property_init	687	725
instance_getattr	683	724
PyNumber_InPlaceMultiply	673	722
kmul_split	685	720
wait_helper	684	720
type_repr	684	718
_PyType_Lookup	678	717
PyLong_AsLongAndOverflow	666	715
file_truncate	674	712
insertdict_by_entry	668	712
PySlice_GetIndicesEx	666	711
PyImport_Import	667	707
string_print	669	706
mro_subclasses.isra.46	658	705
PyMember_GetOne	664	704
float_div	670	704
PySequence_Fast	662	702
instance_compare	659	700
set_methods	672	696
object_new	658	693
set_intersection	651	692
call_method	655	691
buffer_ass_slice	649	690
slot_nb_nonzero	649	689
file_write	653	688
object_repr	651	687
[section .bss]	685	0
PyFloat_Fini	644	681
PyDict_Copy	642	678
PyObject_Format	638	678
_PyWarnings_Init	637	678
buffer_ass_item	637	677
dict_copy	642	676
zipimporter_get_source	627	674
gen_send	638	671
set_symmetric_difference	619	668
string_slice	631	668
instancemethod_repr	623	667
_PyTuple_Resize	626	666
string_splitlines	623	665
long_neg	628	661
posix_listdir	622	660
recurse_down_subclasses.isra.37.constprop.50	590	659
slot_tp_iter	621	658
call_method.constprop.49	608	657
set_isdisjoint	618	657
PyFrame_FastToLocals	609	654
SyntaxError_init	612	653
half_compare	613	650
string_ljust	613	650
PySet_Add	615	649
half_cmp	616	649
posix_execv	612	648
set_clear_internal	605	648
time_asctime	610	647
PyErr_GivenExceptionMatches	594	646
ensure_fromlist	605	645
slot_nb_floor_divide	597	642
instance_coerce	601	641
slot_nb_true_divide	597	641
code_memberlist	600	640
string_rjust	603	640
O_write	605	637
_PyOS_URandom	599	637
call_maybe.constprop.48	589	637
object_reduce_ex	595	636
compatible_for_assignment.part.25	577	635
IO_readlines	597	634
PySequence_Tuple	593	634
PyString_FromStringAndSize	583	634
float_add	598	632
float_mul	598	632
float_sub	598	632
slice_indices	593	631
int_classic_div	590	630
string_index	592	629
PyString_Concat	588	628
code_richcompare	586	627
string_rindex	589	627
int_abs	594	626
string_lstrip	588	626
sys_getsizeof	588	626
frozenset_copy	595	625
PyFile_WriteObject	580	623
slot_nb_coerce	584	623
slot_nb_remainder	581	623
tuplerepr	589	623
IO_StringIO	586	622
resource_getrusage	578	621
slot_nb_divmod	581	620
slot_nb_lshift	581	620
slot_nb_rshift	581	620
slot_nb_add	581	617
do_ignore	582	616
[LOAD [RX]]	614	614
string_find	577	613
imp_load_compiled	570	612
methoddescr_call	570	611
string_str	576	611
PyString_FromString	566	610
buffer_new	573	608
file_dealloc	569	606
EnvironmentError_init	558	604
make_new_set	563	600
_PyInt_Format	561	599
dict_compare	561	598
buffer_concat	559	597
float_coerce	560	597
PyErr_NoMemory	557	596
string_count	559	596
string_rfind	558	595
imp_load_package	566	594
merge_class_dict	552	593
set_remove	558	593
_PyObject_LengthHint	547	592
long_getnewargs	552	592
type_getattro	554	592
long_long	557	591
PyDict_SetItemString	545	590
PyArg_UnpackTuple	547	589
PyCodec_Decode	548	587
type_dealloc	549	586
dict_richcompare	543	584
list_richcompare	543	584
dictiter_iternextitem	536	582
instancemethod_new	539	582
file_methods	544	581
PyEval_CallMethod	538	580
PyNumber_AsSsize_t	537	580
set_copy	547	580
builtin_range	541	579
load_package	542	579
slot_nb_power	541	579
intern_string_constants	530	578
int_rshift	542	577
PyLong_FromDouble	534	576
float_is_integer	533	574
sys_setprofile	535	574
PyImport_ExecCodeModuleEx	523	573
listindex	539	573
set_issubset	536	573
super_getattro	534	573
sys_settrace	535	572
_PyLong_Copy	533	570
update_code_filenames.isra.2.part.3	508	568
try_3way_compare	526	567
PyErr_ExceptionMatches	517	564
PyImport_GetImporter	519	564
dict_to_map	527	563
file_seek	529	563
string_rstrip	523	561
abstract_issubclass	516	560
methods	512	560
set_lookkey_string	517	560
slot_tp_del	524	560
time_convert	522	559
buffer_compare	517	556
lookdict_string	514	554
SyntaxError_dealloc	509	553
PyList_Insert	513	551
gen_iternext	514	551
_PyCodecRegistry_Init	504	550
class_getattr	512	550
tuplesubscript	511	550
float_new	515	549
posix_getgroups	508	548
PyFrozenSet_New	507	547
internal_print	508	547
set_new	515	547
buffer_hash	510	546
set_add	514	546
structseq_reduce	505	546
PyDict_Clear.part.8	500	544
_Py_BuildValue_SizeT	499	544
float_trunc	506	542
PySet_New	507	541
PyTraceBack_Print	499	541
tuplerichcompare	500	541
call_readline	502	540
posix_statvfs	501	539
PyErr_NewException	495	538
int_mod	505	537
string_repeat	499	537
initresource	499	536
seterror.part.1	494	534
string_new	510	534
_PyObject_RealIsInstance	484	533
posix_fstatvfs	494	533
PyCodec_Encode	492	531
PyOS_StdioReadline	487	530
fastlex_MatchGlobToken	483	530
wrapperdescr_get	489	530
O_cwrite	496	529
fastsearch.constprop.38	481	529
recursive_isinstance	484	529
update_slot	493	529
string_strip	491	528
weakref_repr	491	528
signal_setitimer	485	526
enum_new	492	525
instance_ass_subscript	478	525
set_tp_print	488	525
PyObject_SetItem	483	524
_PyFloat_Unpack8	483	524
_PyObject_CallMethod_SizeT	473	524
initreadline	487	524
tuple_new	490	524
x_add	494	524
make_new_set.constprop.10	473	523
get_len_of_range_longs.part.3	468	522
reversed_new	485	522
instance_ass_item	478	520
int_div	488	520
merge_list_attr	480	520
PyMarshal_ReadLastObjectFromFile	461	518
Py_BuildValue	480	518
resource_setrlimit	475	518
set_contains	481	518
PyObject_CallMethod	473	517
assign_version_tag	474	517
imp_methods	480	516
string_concatenate	472	515
PyNumber_ToBase	474	514
add_subclass.isra.36	469	514
do_mktuple	479	514
get_module_info.isra.2	466	513
_PyDict_NewPresized	468	512
builtin_sorted	473	512
pendingcalls	512	37
type_call	476	510
enum_next	471	505
slot_tp_str	469	505
string_concat	467	505
map_to_dict	468	504
[section .gnu.version]	502	502
instance_long	464	502
PyCFunction_Call	460	501
PyObject_DelItem	460	501
PyObject_GetItem	460	501
set_add_entry	463	501
function_call	462	500
set_direct_contains	456	500
imp_init_builtin	458	499
IO_readline	462	498
builtin_apply	460	498
class_str	464	498
proxy_dealloc	436	498
[section .dynamic]	496	496
PySequence_Contains	450	494
set_issuperset	455	494
fcntl_fcntl	457	493
string_rpartition	451	493
string_partition	451	492
slot_tp_init	454	491
trace_trampoline	449	490
posix_utime	453	489
frame_getlocals	448	488
type_init	454	488
set_discard	451	487
list_repeat	449	485
GcMethods	448	482
instance_new	445	482
slot_sq_item	445	482
PyDict_SetItem	442	481
Py_UniversalNewlineFread.part.11	423	480
dict_pop	447	480
gen_dealloc	443	479
range_new	445	479
PyInt_AsUnsignedLongMask	429	478
dict_ass_sub	441	478
slot_nb_or	443	478
PyObject_Print	437	476
func_regex_match	435	476
slot_nb_multiply	435	476
slot_nb_subtract	435	476
PyObject_SetAttr	434	475
slot_sq_contains	434	475
slot_nb_divide	435	474
dict_print	438	473
fastlex_MatchPS1Token	427	473
structseq_subscript	429	473
O_methods	448	472
frame_clear	436	472
_PyFloat_Init	433	471
list_init	437	471
slot_nb_and	435	471
slot_nb_xor	435	471
SyntaxError_clear	428	470
wrap_cmpfunc	431	468
PyFunction_New	428	467
_PyInt_AsInt	430	467
type_subclasses	427	467
PyList_Append	428	466
PyString_FromStringAndSize.part.16	407	466
frame_traverse	424	463
inittimezone	425	462
PyInterpreterState_Delete	411	461
fastsearch.constprop.40	413	461
mywrite	429	461
object_set_class	420	461
PySequence_Concat	418	460
_PyModule_Clear	420	460
PyErr_Format	422	459
PyErr_SetFromErrnoWithFilenameObject	396	457
subtype_traverse	416	457
PySys_SetPath	418	456
super_init	421	456
time_mktime	420	456
PyLong_AsLongLong	413	455
classmethod_get	415	455
slice_new	421	455
code_dealloc	416	453
list_methods	416	453
string_richcompare	410	453
dict_dealloc	414	451
PyTuple_New	413	449
_PyExc_PendingDeprecationWarning	392	449
buffer_getwritebuf	406	449
extract_time	412	449
posix_constants_confstr	400	448
fcntl_lockf	411	447
setiter_iternext	406	447
PySequence_SetSlice	402	446
func_dealloc	409	446
proxy_methods	384	446
PyString_FromStringAndSize.constprop.37	381	445
Py_Finalize.part.4	402	445
_PyNumber_ConvertIntegralToInt	390	445
_PyWeakref_CallableProxyType	392	445
call_function_tail	401	444
PySequence_Repeat	401	443
_PyExc_NotImplementedError	392	443
IO_iternext	406	442
_PyExc_DeprecationWarning	392	442
_PyExc_FloatingPointError	392	442
_struct_sequence_template	392	442
subtype_setdict	402	442
_PyExc_KeyboardInterrupt	392	441
_PyExc_UnboundLocalError	392	441
_PyExc_ZeroDivisionError	392	441
PyClassMethodDescr_Type	392	440
_PyExc_EnvironmentError	392	440
_PyExc_IndentationError	392	440
float_long	405	440
PyDict_DelItemString	394	439
_PyExc_ArithmeticError	392	439
PyDict_GetItemString	393	438
PyNotImplemented_Type	392	438
_PyExc_AssertionError	392	438
_PyExc_AttributeError	392	438
_PyExc_ReferenceError	392	438
_PyExc_RuntimeWarning	392	438
_PyExc_UnicodeWarning	392	438
PyDictIterValue_Type	392	437
PyObject_AsFileDescriptor	387	437
_PyExc_BaseException	392	437
_PyExc_FutureWarning	392	437
_PyExc_GeneratorExit	392	437
_PyExc_ImportWarning	392	437
_PyExc_OverflowError	392	437
_PyExc_StandardError	392	437
_PyExc_StopIteration	392	437
_PyExc_SyntaxWarning	392	437
_PyWeakref_ProxyType	392	437
PyDictIterItem_Type	392	436
PyNullImporter_Type	392	436
PyStaticMethod_Type	392	436
PyWrapperDescr_Type	392	436
_PyExc_BytesWarning	392	436
_PyExc_RuntimeError	392	436
_PyExc_UnicodeError	392	436
fastsearch.constprop.39	388	436
PyClassMethod_Type	392	435
PyDictIterKey_Type	392	435
PyGetSetDescr_Type	392	435
PyListRevIter_Type	392	435
PyMemberDescr_Type	392	435
PyMethodDescr_Type	392	435
_PyExc_BufferError	392	435
_PyExc_ImportError	392	435
_PyExc_LookupError	392	435
_PyExc_MemoryError	392	435
_PyExc_SyntaxError	392	435
_PyExc_SystemError	392	435
_PyExc_UserWarning	392	435
_PyWeakref_RefType	392	435
initgc	404	435
PyBaseObject_Type	392	434
PyBaseString_Type	392	434
PyDictValues_Type	392	434
_PyExc_IndexError	392	434
_PyExc_SystemExit	392	434
_PyExc_ValueError	392	434
get_buf.constprop.12	389	434
set_dealloc	398	434
set_discard_key	394	434
PyCFunction_Type	392	433
PyDictItems_Type	392	433
PyDictProxy_Type	392	433
PyFrozenSet_Type	392	433
PySequence_GetSlice	389	433
PyTraceBack_Type	392	433
PyTupleIter_Type	392	433
Pyrangeiter_Type	392	433
ZipImporter_Type	392	433
_PyExc_Exception	392	433
_PyExc_NameError	392	433
_PyExc_TypeError	392	433
sortwrapper_type	392	433
PyCallIter_Type	392	432
PyDictKeys_Type	392	432
PyEllipsis_Type	392	432
PyFunction_Type	392	432
PyInstance_Type	392	432
PyListIter_Type	392	432
PyProperty_Type	392	432
PyReversed_Type	392	432
_PyExc_EOFError	392	432
_PyExc_KeyError	392	432
_PyExc_TabError	392	432
cmpwrapper_type	392	432
PyCapsule_Type	392	431
PySeqIter_Type	392	431
PySetIter_Type	392	431
_PyExc_IOError	392	431
_PyExc_OSError	392	431
_PyExc_Warning	392	431
frozenset_hash	392	431
long_coerce	395	431
module_repr	395	431
EnvironmentError_dealloc	381	430
PyBuffer_Type	392	430
PyList_New	395	430
PyMethod_Type	392	430
PyModule_Type	392	430
PyString_Type	392	430
func_set_code	392	430
listappend	395	430
PyClass_Type	392	429
PyFloat_Type	392	429
PyFrame_Type	392	429
PyInt_ClearFreeList	385	429
PyInt_Fini	394	429
PyRange_Type	392	429
PySlice_Type	392	429
PySuper_Type	392	429
PyTuple_Type	392	429
mkpwent	397	429
PyBool_Type	392	428
PyCell_Type	392	428
PyCode_Type	392	428
PyDict_New	393	428
PyDict_Type	392	428
PyEnum_Type	392	428
PyFile_Type	392	428
PyList_Type	392	428
PyLong_Type	392	428
PyNone_Type	392	428
PyType_Type	392	428
wrappertype	392	428
PyGen_Type	392	427
PyInt_Type	392	427
PySet_Type	392	427
frozenset_methods	384	426
PyDict_DelItem	386	425
call_trace_protected	380	425
property_deleter	383	424
PyFile_WriteString	380	423
float_setformat	383	423
Itype	392	422
Otype	392	422
time_methods	384	421
instancemethod_descr_get	371	420
signal_signal	381	419
stringlib_parse_args_finds.constprop.34	355	419
I_methods	384	418
list_inplace_repeat	374	418
buffer_getcharbuf	375	417
PyObject_AsCharBuffer	370	416
imp_find_module	375	415
property_setter	375	415
PyInt_AsLong	377	414
_PyObject_GC_NewVar	370	414
_Py_Dev_Converter	372	414
builtin_all	378	414
builtin_any	378	414
PyFloat_AsDouble	372	413
PyFile_SoftSpace	371	412
buffer_slice	375	412
create_filter	374	412
posix_putenv	375	412
PyOS_FiniInterrupts	367	411
PyOS_snprintf	373	411
statresult_new	372	411
_PyImport_Inittab	368	410
subtype_clear	372	410
_PySlice_FromIndices	364	409
int_add	377	409
int_sub	377	409
PyFile_FromFile	368	408
handle_system_exit.part.3	357	407
property_getter	367	407
slot_tp_new	370	406
_PyDict_MaybeUntrack	360	405
instance_int	368	405
PyFile_SetEncodingAndErrors	352	404
_Py_Gid_Converter	362	404
_Py_Uid_Converter	362	404
time_ctime	369	404
PyObject_HasAttrString	356	403
dictiter_iternextkey	358	403
instance_pow	365	402
sys_exc_clear	364	402
PyInt_AsSsize_t	360	400
buffer_getreadbuf	358	400
func_getsetlist	360	400
list_print	364	399
newIobject	364	399
int_neg	366	398
PyObject_Realloc	355	396
type_set_abstractmethods	347	396
buffer_item	359	395
wrap_sq_delitem	355	395
_PyFile_SanitizeMode	349	394
wrap_sq_setitem	354	394
FlagsType	392	34
FloatInfoType	392	38
Long_InfoType	392	38
StatResultType	392	39
StatVFSResultType	392	42
StructPwdType	392	38
StructRUsageType	392	41
StructTimeType	392	39
VersionInfoType	392	40
list_dealloc	355	392
wrap_sq_item	355	392
PyErr_SetFromErrno	348	391
PyObject_GetIter	350	391
builtin_input	353	391
dict_subscript	352	391
getbuffer	367	391
set_completion_display_matches_hook	331	391
PyObject_AsReadBuffer	344	390
PyTuple_GetSlice	348	389
IO_read	356	388
PyImport_AddModule	344	387
_PyObject_GC_New	346	387
PyTraceBack_Here	345	386
listinsert	351	386
set_next	353	386
tupledealloc	349	386
conv_confstr_confname	339	385
conv_sysconf_confname	339	385
PyTuple_New.part.5	341	384
tupleindex	349	384
zipimporter_repr	343	384
PyFloat_ClearFreeList	337	383
PyObject_Str	359	383
calliter_iternext	355	383
class_dealloc	345	383
buffer_getbuffer	341	382
conv_path_confname	339	382
generic_binary_op	339	381
string_capitalize	339	381
_PyImport_FixupExtension	331	380
_Py_VaBuildValue_SizeT	333	380
PyModule_AddObject	336	379
dict_items	344	379
islt	350	379
sys_displayhook	339	379
PyNumber_InPlaceAdd	332	376
adjust_tp_compare	333	375
do_strip	342	375
dict_popitem	337	374
PyType_GenericAlloc	329	373
_PyObject_GC_Malloc	329	373
getset_get	338	373
PyErr_SetFromErrnoWithFilename	317	372
file_close	337	372
set_startup_hook	331	372
PyNumber_Float	331	370
file_tell	336	370
slot_tp_repr	333	370
v_iadd	339	370
_PyObject_Str	331	369
set_completer	331	369
time_gmtime	290	369
file_readline	330	368
instancemethod_dealloc	321	368
set_pop	335	367
set_traverse	329	366
set_init	332	365
PyEval_CallObjectWithKeywords	309	363
dictitems_iter	324	363
PyNumber_Index	323	362
PyThreadState_New	320	362
getset_set	327	362
int_float	328	362
frame_getsetlist	320	361
type_set_name	323	361
buffer_getsegcount	317	360
builtin_coerce	321	360
code_hash	326	360
func_memberlist	320	360
int_bit_length	321	360
string_title	323	360
proxy_repr	300	359
signal_methods	320	359
float_methods	320	358
dictiter_iternextvalue	310	357
fill_classic_mro	316	357
type_members	320	357
PyErr_CheckSignals.part.6	306	356
dictviews_as_number	312	356
frozenset_as_number	312	356
posix_confstr	318	356
r_long	325	356
slot_tp_call	319	356
PyModule_AddIntConstant	307	355
instance_as_number	312	355
subtype_dict	328	355
Py_VaBuildValue	314	354
buffer_str	319	354
imp_get_suffixes	313	354
wrap_binaryfunc_l	312	354
wrap_binaryfunc_r	312	354
string_as_number	312	353
PyDict_GetItem	313	352
float_as_number	312	352
proxy_as_number	312	352
set_reduce	317	352
bool_as_number	312	351
long_as_number	312	351
marshal_load	314	351
int_as_number	312	350
signal_getitimer	309	350
string_decode	312	350
string_encode	312	350
PyTuple_Pack	312	349
PyType_ClearCache	307	349
get_range_long_argument	301	349
type_richcompare	308	349
list_resize	312	348
profile_trampoline	304	347
range_repr	312	347
SystemExit_init	306	346
int_and	313	345
int_xor	313	345
on_completion	307	345
int_or	313	344
wrap_coercefunc	304	344
type_set_module	303	343
_PyArg_ParseTupleAndKeywords_SizeT	282	341
builtin_next	304	341
slot_sq_ass_slice	299	341
EnvironmentError_clear	292	339
string_swapcase	299	339
check_class	302	338
object_reduce	300	338
warnings_warn	300	338
SyntaxError_traverse	291	336
set_as_number	312	336
_PyWeakref_ClearRef	291	335
PyArg_ParseTupleAndKeywords	282	334
SystemExit_dealloc	290	333
func_regex_first_group_match	280	333
_PyThread_CurrentFrames	284	332
dict_iteritems	292	331
_PyLong_NumBits	290	330
_codecs_functions	288	330
set_intersection_multi	283	330
IO_creadline	292	329
_PyTuple_MaybeUntrack	283	329
dict_new	296	329
smallmax	296	329
marshal_loads	290	328
object_format	290	328
NullImporter_init	285	327
PyObject_GetAttrString	279	326
func_glob	292	326
inittime	292	325
zipimporter_get_data	289	325
SyntaxError_members	280	324
posix_read	289	324
PyModule_New	286	323
buffer_length	285	323
PyInt_FromSize_t	281	322
PyString_InternInPlace	275	322
dictview_repr	284	322
PySequence_DelSlice	277	321
int_true_divide	281	321
time_localtime	282	321
PyLong_FromLongLong	276	320
method_is_overloaded.isra.19	267	320
PyMethod_New	282	319
escape_encode	281	319
imp_load_source	279	319
property_dealloc	278	319
tuplerepeat	283	319
struct_rusage_fields	272	317
type_getsets	280	317
IO_truncate	280	316
PyLong_FromLong	276	316
initcStringIO	277	315
int_int	283	315
stat_result_fields	272	315
_PyString_Resize	273	314
builtin_hasattr	273	313
string_item	277	313
Py_ReprEnter	275	312
float_float	276	312
get_newlines	275	312
tupleconcat	276	312
PyErr_Restore	273	311
PyOS_strtol	274	310
_PyInt_Init	274	310
slot_tp_richcompare	266	310
flags_fields	272	309
tupleslice	274	309
PyCFunction_NewEx	266	308
file_new	275	308
int_invert	273	308
type_clear	284	308
IO_cread	274	307
PyInt_FromSsize_t	265	307
instance_call	269	307
meth_dealloc	270	307
wrap_descr_get	268	307
BaseException_dealloc	258	304
PyInt_FromLong	265	304
PyList_GetSlice	264	304
PyLong_AsUnsignedLong	258	304
file_getsetlist	240	304
fastlex_IsPlainWord	259	303
slot_tp_descr_get	261	303
EnvironmentError_reduce	254	302
PyLong_AsSsize_t	261	302
PyObject_Call	264	302
time_sleep	267	302
IO_getval	267	301
proxy_compare	239	301
PyNumber_InPlaceFloorDivide	248	300
iter_iternext	262	300
list_concat	264	300
slice_repr	265	300
zipimporter_methods	256	300
PyNumber_InPlaceTrueDivide	248	299
code_compare	262	299
float_getformat	259	299
PyNumber_InPlaceRemainder	248	298
_Py_ctype_tolower	256	298
validate_and_copy_tuple	250	298
PyErr_SetString	257	297
PyNumber_InPlaceSubtract	248	297
func_traverse	259	297
meth_richcompare	256	297
set_difference_multi	252	297
buffer_repeat	258	296
convmultmax_base.9857	296	46
log_base_PyLong_BASE.9855	296	50
PyNumber_InPlaceDivide	248	295
PyNumber_InPlaceLshift	248	295
gc_get_referrers	254	295
PyObject_Repr	256	294
_PySet_NextEntry	253	294
dictvalues_new	255	294
int_divmod	259	294
long_float	259	294
dictitems_new	255	293
proxy_getitem	231	293
PyNumber_InPlaceAnd	248	292
PyNumber_InPlaceXor	248	292
_PyDict_Next	255	292
cmpwrapper_call	265	292
dict_update	256	292
dictkeys_new	255	292
dictvalues_iter	252	292
PyErr_BadArgument	249	291
PyNumber_InPlaceOr	248	291
instance_richcompare	246	291
wrap_setattr	254	291
IO_seek	258	290
dictkeys_iter	252	290
instancemethod_getattro	242	290
instancemethod_memberlist	240	290
PyBuffer_FillInfo	247	289
wrapper_dealloc	249	289
converterr	253	288
dict_init	254	288
dict_traverse	250	288
visit_reachable	248	288
PySys_WriteStderr	245	287
builtin_getattr	247	287
PyEval_SetTrace	246	286
code_repr	252	286
func_set_dict	248	286
BaseException_repr	242	285
float_abs	251	285
float_neg	251	285
initzipimport	247	285
posix_lchown	248	285
wrap_delattr	248	285
posix_chown	248	284
set_repr	260	284
super_dealloc	246	284
tb_dealloc	249	284
PyLong_FromUnsignedLongLong	231	283
_PyObject_LookupSpecial	235	283
builtin_reduce	244	283
_PyInstance_Lookup	239	282
func_set_defaults	240	282
posix_readlink	243	282
frame_memberlist	240	281
PyOS_Readline	242	280
imp_is_builtin	241	280
module_init	244	280
super_descr_get	240	280
PyGen_New	245	279
PyLong_FromUnsignedLong	231	279
_PyCode_CheckLineNumber	231	279
builtin_vars	242	279
escape_decode	241	279
member_set	244	279
tuple_getnewargs	238	279
PyFloat_FromDouble	235	278
wrapper_call	241	278
BaseException_setstate	230	277
pwd_getpwall	240	277
_PyArg_ParseTuple_SizeT	228	276
func_print_time	236	276
gc_get_referents	235	276
posix_open	241	276
type_traverse	252	276
BaseException_set_message	225	275
PyLong_AsDouble	235	275
class_repr	240	275
fastlex_IsValidVarName	228	275
PyObject_Hash	236	274
PyString_FromFormat	230	274
member_get	239	274
_PyEval_SliceIndex	230	273
posix_constants_pathconf	224	273
PySlice_New	236	272
dict_values	236	272
py_replace_history	229	272
string_islower	233	272
_PyArg_Parse_SizeT	228	271
posix_times	235	271
tuple_iter	236	271
PyObject_HasAttr	229	270
dict_keys	236	270
list_iter	236	270
sys_getframe	233	270
EnvironmentError_traverse	219	269
PyFile_SetBufSize	227	269
PyTuple_SetItem	229	269
posix_lstat	233	269
string_isupper	230	269
[section .shstrtab]	0	268
posix_mkdir	232	268
posix_stat	233	268
posix_symlink	230	268
proxy_call	233	268
proxy_ipow	233	268
rl_outstream	136	268
int_oct	235	267
posix_rename	230	267
posix_urandom	229	267
proxy_pow	233	267
tupleprint	232	267
PyArg_ParseTuple	225	266
PyList_SetItem	227	266
dict_get	233	266
posix_pathconf	227	266
listremove	230	265
listreviter_next	224	265
my_fgets	232	265
posix_link	230	265
weakref_dealloc	225	265
PyArg_Parse	228	264
PySequence_DelItem	221	264
PySequence_GetItem	221	264
PySequence_List	224	264
_PyTrash_thread_deposit_object	209	264
int_hex	231	263
method_get	239	263
object_init	227	263
pwd_getpwuid	226	263
py_remove_history	221	263
time_time	229	263
PyLong_AsUnsignedLongMask	212	262
parse_and_bind	223	262
weakref_richcompare	218	262
PyString_AsStringAndSize	212	261
_PyErr_ReplaceException	213	261
_PyImport_Init	222	261
_PyTrash_thread_destroy_chain	207	261
structseq_richcompare	215	261
PyFunction_SetClosure	214	260
gc_clear	227	260
posix_chmod	224	260
slice_dealloc	222	260
Py_AddPendingCall	217	259
PySeqIter_New	220	258
PyString_ConcatAndDel	212	258
PyTuple_New.constprop.7	210	258
func_regex_parse	217	258
slice_compare	220	258
file_flush	222	257
float_getzero	219	257
readline_until_enter_or_signal	202	257
wrap_inquirypred	216	257
write_history_file	214	257
PyEval_SetProfile	214	256
exitfuncs	256	24
ok_name_char.9208	256	42
resource_getrlimit	213	256
string_istitle	217	256
wrap_objobjproc	216	256
PyFunction_SetDefaults	208	255
builtin_iter	218	255
PyArena_New	218	254
PyNumber_Coerce	214	254
PyType_IsSubtype	213	254
_inscode	221	254
gc_collect	226	253
posix_chroot	216	253
posix_unlink	216	253
property_descr_set	210	253
PyErr_SetObject	212	252
PyImport_ImportModuleNoBlock	199	252
init_weakref	215	252
posix_chdir	216	252
posix_rmdir	216	252
set_and	220	252
set_sub	220	252
BaseException_new	209	251
posix_unsetenv	212	251
tb_displayline	212	251
wrap_ssizessizeobjargproc	201	251
_PyObject_GetDictPtr	205	250
builtin___import__	207	250
class_traverse	211	250
posix_mknod	214	250
version.9176	250	37
zipimporter_get_filename	201	250
BaseException_get_message	199	249
builtin_hex	213	249
builtin_oct	213	249
signal_siginterrupt	205	249
w_more	218	249
structseq_concat	207	248
structseq_repeat	207	248
zipimporter_is_package	201	248
calliter_dealloc	206	247
tupleiter_next	208	247
PyErr_Restore.constprop.1	196	246
func_set_name	208	246
int_to_decimal_string	200	246
listiter_next	208	246
PyDict_Next	221	245
signal_set_wakeup_fd	210	245
structseq_contains	202	245
wrap_indexargfunc	203	245
PyLong_FromVoidPtr	201	244
descr_dealloc	206	244
dict_itervalues	204	244
type_get_doc	207	244
wrap_objobjargproc	201	244
zipimporter_find_module	196	244
posix_fpathconf	203	243
BaseException_init	199	242
PyErr_SetNone	204	242
SystemExit_clear	201	242
dict_iterkeys	204	242
dictitems_contains	199	242
slot_sq_length	203	242
posix_sysconf	203	241
posix_waitpid	203	241
property_members	200	241
type_module	205	241
PyNumber_CoerceEx	198	240
file_memberlist	200	240
gc_get_objects	201	240
list_slice	205	240
reversed_next	202	240
tuplehash	206	240
posix_lseek	203	239
PyOS_vsnprintf	199	238
dict_iter	204	238
frame_set_f_exc_traceback	188	238
tb_memberlist	200	238
wrap_hashfunc	200	238
PyErr_Clear	201	237
set_ixor	204	237
wrap_lenfunc	200	237
PyErr_WarnEx	199	236
long_getset	200	236
long_invert	200	236
set_completer_delims	191	236
set_difference_update	190	236
structseq_hash	197	236
PyCallIter_New	196	235
int_getset	200	235
posix_fchown	198	235
posix_ftruncate	195	235
posix_nice	200	235
signal_getsignal	194	235
update_registry.constprop.1	183	235
frame_set_f_exc_value	188	234
posix_wait4	198	234
PyCodec_RegisterError	187	233
PyList_AsTuple	194	233
floatinfo_fields	192	233
frame_set_f_exc_type	188	233
set_union	199	233
string_lower	196	233
string_upper	196	233
PyCapsule_GetPointer	187	232
PyModule_GetName	191	232
dictviews_and	194	232
dictviews_sub	194	232
dictviews_xor	194	232
proxy_str	174	232
read_history_file	190	232
string_hash	196	232
BaseException_set_dict	184	231
PyDescr_NewWrapper	188	231
codec_decode	194	231
codec_encode	194	231
dictviews_or	194	231
object_methods	192	231
on_startup_hook	191	231
posix_write	195	231
set_attr_slots	192	231
wrap_delslice	193	231
PyCodec_LookupError	186	230
cell_compare	193	230
file_repr	196	230
func_fnmatch	193	230
signal_handler	191	230
string_contains	190	230
PyDescr_NewClassMethod	182	229
long_methods	192	229
read_init_file	190	229
set_iter	196	229
set_softspace	191	229
PyEval_GetFuncName	185	228
_PyArg_NoKeywords	186	228
dict_has_key	191	228
string_isalpha	189	228
string_isdigit	189	228
string_isspace	189	228
PyFrame_Fini	190	227
PyMarshal_ReadLongFromFile	176	227
string_isalnum	188	227
structseq_dealloc	185	227
PyLong_AsUnsignedLongLongMask	172	226
PyTuple_ClearFreeList	180	226
PyTuple_Fini	189	226
func_realpath	188	226
list_ass_item	188	226
posix_getcwd	189	226
proxy_as_sequence	160	226
range_reverse	188	226
subtype_getweakref	183	226
builtin_setattr	185	225
initpwd	193	225
set_update	190	225
PyDescr_NewGetSet	182	224
PyDescr_NewMember	182	224
PyDescr_NewMethod	182	224
PyObject_SetAttrString	177	224
_PyEval_CallTracing	180	224
sys_setrecursionlimit	178	224
wrap_descr_set	185	224
PyMarshal_ReadObjectFromString	168	223
SystemExit_traverse	179	223
file_isatty	187	223
posix_initgroups	182	223
statvfs_result_fields	176	222
BaseException_clear	177	221
Py_ReprLeave	184	221
posix_setregid	182	221
posix_setreuid	182	221
property_traverse	179	221
proxy_contains	158	221
PyLong_AsUnsignedLongLong	170	220
PySet_Fini	185	220
_PyDict_GetItemWithError	171	220
cm_init	188	220
sm_init	188	220
newOobject	184	219
posix_makedev	181	219
posix_mkfifo	182	219
weakref_getweakrefs	175	219
PyList_GetItem	179	218
posix_closerange	177	218
proxy_ifloor_div	177	218
PyCallable_Check	176	217
PyObject_GetAttr	176	217
proxy_floor_div	177	217
proxy_itrue_div	177	217
pwd_getpwnam	180	217
zipimporter_dealloc	173	217
builtin_intern	177	216
long_compare	179	216
proxy_true_div	177	216
slot_mp_ass_subscript	170	216
PyCell_New	180	215
PyOS_setsig	179	215
fcntl_flock	179	215
flex_complete	177	215
posix_fstat	179	215
posix_uname	179	215
posix_wait3	179	215
proxy_getattr	177	215
proxy_ilshift	177	215
proxy_irshift	177	215
builtin_chr	178	214
cm_dealloc	179	214
posix_tcsetpgrp	174	214
proxy_divmod	177	214
proxy_lshift	177	214
proxy_rshift	177	214
sm_dealloc	179	214
sortwrapper_richcompare	166	214
get_history_item	172	213
PyObject_IsTrue	172	212
PyObject_Size	174	212
PyString_Fini	174	212
[section .gnu.hash]	212	212
listiter_dealloc	171	212
posix_setpgid	174	212
proxy_iadd	177	212
proxy_iand	177	212
proxy_idiv	177	212
proxy_imod	177	212
proxy_imul	177	212
proxy_isub	177	212
proxy_ixor	177	212
slot_tp_descr_set	170	212
stat_float_times	171	212
sys_setdlopenflags	169	212
visit_decref	175	212
wrap_ternaryfunc_r	169	212
PyCodec_Register	170	211
PyFrame_ClearFreeList	165	211
instancemethod_traverse	163	211
posix_fchmod	174	211
posix_getloadavg	170	211
posix_killpg	174	211
proxy_add	177	211
proxy_and	177	211
proxy_div	177	211
proxy_ior	177	211
proxy_mod	177	211
proxy_mul	177	211
proxy_sub	177	211
proxy_xor	177	211
slot_sq_ass_item	170	211
slot_sq_slice	173	211
slot_tp_setattro	170	211
string_dealloc	172	211
sys_excepthook	172	211
wrap_delitem	174	211
BaseException_traverse	163	210
PyCapsule_New	172	210
enum_dealloc	173	210
iter_len	177	210
posix_getlogin	171	210
proxy_get	176	210
proxy_or	177	210
range_reduce	173	210
wrap_ternaryfunc	169	210
EnvironmentError_members	160	209
PyList_Reverse	170	209
PyList_Sort	173	209
builtin_delattr	169	209
posix_dup2	174	209
posix_kill	174	209
wrap_next	175	209
cell_dealloc	171	208
iter_dealloc	171	208
posix_access	171	208
struct_time_type_fields	160	208
weakref___init__	167	208
PyDictProxy_New	167	207
_PyObject_GC_Resize	163	207
call_trace	172	207
posix_strerror	168	207
range_iter	172	207
_PyObject_SlotCompare	160	206
gc_is_tracked	168	206
structseq_slice	166	206
BaseException_getset	160	205
builtin_cmp	169	205
set_isub	172	205
BaseException_getslice	157	204
PyCode_Addr2Line	163	204
builtin_isinstance	161	204
builtin_issubclass	161	204
instancemethod_compare	157	204
posix_setegid	166	204
posix_seteuid	166	204
set_ior	172	204
zipimporter_members	160	204
countformat	167	203
posix_close_	166	203
posix_setgid	166	203
posix_setuid	166	203
bool_new	169	202
builtin_pow	166	202
slice_traverse	163	202
super_traverse	163	202
enum_traverse	163	201
resource_methods	160	201
jbuf	200	29
marshal_methods	160	200
tupleiter_dealloc	171	200
wrap_descr_delete	158	200
wrapper_getsets	160	200
BaseException_set_args	152	199
gen_memberlist	160	199
posix_umask	163	199
PyNumber_Absolute	156	198
PyNumber_Negative	156	198
PyNumber_Positive	156	198
_PyLong_New	162	198
fcntl_methods	160	198
frame_get_f_exc_traceback	148	198
slice_members	160	198
super_members	160	198
visit_move	163	198
wrap_ssizessizeargfunc	151	198
dict_contains	159	197
instancemethod_hash	153	197
meth_getsets	160	197
posix_dup	163	197
type_methods	160	197
PyInterpreterState_New	149	196
PyNumber_Invert	156	196
PySequence_Size	156	196
int_methods	160	196
listcount	162	196
set_history_length	153	196
PyCFunction_ClearFreeList	145	195
PyMapping_Check	155	195
PyMapping_Size	156	195
list_reversed	157	195
list_traverse	157	195
posix_tcgetpgrp	155	195
PyArena_Free	157	194
frame_get_f_exc_value	148	194
posix_tmpfile	156	194
tb_clear	161	194
time_strptime	156	194
dictkeys_contains	151	193
frame_get_f_exc_type	148	193
func_get_defaults	151	193
posix_getpgid	155	193
tuplecount	158	193
PyMethod_ClearFreeList	145	192
posix_getsid	155	192
posix_major	156	192
register_error	153	192
PyDict_Contains	151	191
PySys_SetObject	151	191
weakref_proxy	153	191
PyFrame_BlockSetup	147	190
func_get_dict	152	190
reversed_len	153	190
socket_gethostname	147	190
weakref_call	153	190
calliter_traverse	147	189
dictiter_traverse	147	189
file_xreadlines	149	189
frame_settrace	150	189
instance_traverse	147	189
PyLong_GetInfo	149	188
PyModule_GetDict	147	188
PyRun_FileExFlags	146	188
wrapper_traverse	147	188
zipimporter_get_code	143	188
list_contains	149	187
PyEval_GetFuncDesc	143	186
richcmp_eq	151	186
richcmp_ge	151	186
richcmp_gt	151	186
richcmp_le	151	186
richcmp_ne	151	186
super_repr	151	186
PyCell_Set	150	185
meth_traverse	147	185
builtin_divmod	145	184
gen_traverse	147	184
list_clear	149	184
posix_minor	148	184
digitlimit	148	183
richcmp_lt	148	183
tb_traverse	147	183
wrap_binaryfunc	143	183
builtin_format	143	182
imp_get_magic	144	182
property_descr_get	139	182
BaseException_getitem	135	181
sys_call_tracing	140	181
PySequence_Check	139	180
py_add_history	141	180
sys_exit	147	180
PyTuple_GetItem	139	179
meth_hash	145	179
tuplecontains	141	179
PyImport_ImportModule	132	178
PyObject_Cmp	141	178
builtin_dir	142	178
wrap_unaryfunc	139	178
PyThreadState_GetDict	131	177
insert_text	141	177
instancemethod_get_doc	130	177
sortwrapper_dealloc	133	177
tupletraverse	139	177
float_print	140	176
list_item	142	176
numfree	104	176
struct_pwd_type_fields	128	175
time_tzset	140	175
type_setattro	137	175
weakref_hash	138	175
PyObject_GC_Track	132	174
dictiter_dealloc	133	174
proxy_unicode	136	174
_PyExc_Fini	137	173
bool_repr	139	173
builtin_ord	137	173
class_lookup	136	173
list_inplace_concat	129	173
PyDict_Fini	136	172
PyList_Fini	136	172
float_repr	137	172
sys_deletes	136	172
wrapperdescr_repr	130	172
PyBuffer_Release	130	171
PyEval_MergeCompilerFlags	121	171
_PyLong_Sign	134	171
float_str	137	171
posix_isatty	134	171
listreverse	134	170
signal_alarm	133	170
PyFile_AsFile	131	169
property_methods	128	169
set_key_error	131	169
buffer_repr	132	168
PyCFunction_Fini	126	167
PyFile_Name	131	167
PyNumber_Check	127	166
getset_repr	130	166
long_hash	132	166
member_repr	130	166
tuple_methods	128	166
wrapper_hash	129	166
PyGen_NeedsFinalizing	119	165
format_exc_check_arg	120	165
subtype_getsets_full	120	165
type_name	131	165
PyMethod_Fini	126	164
PyOS_getsig	128	164
gen_methods	128	164
module_dealloc	125	164
proxy_setitem	126	164
pwd_methods	128	164
PyFrame_BlockPop	122	163
FatalAppBundleError	118	162
_PyString_Join	123	162
posix_fchdir	125	162
type_abstractmethods	117	162
IO_cgetval	126	161
posix_ctermid	123	161
posix_fsync	125	161
sys_setcheckinterval	116	161
Py_FlushLine	123	160
[section .gnu.version_r]	160	160
builtin_reload	121	160
func_get_code	122	160
posix_fork	125	160
weakref_functions	128	160
PyCapsule_SetDestructor	111	159
get_softspace	121	159
BaseException_reduce	113	158
IO_tell	126	158
O_close	126	158
_Py_CheckRecursiveCall	111	158
descr_members	120	158
file_exit	124	158
imp_new_module	119	158
meth_get__self__	117	158
type___instancecheck__	111	158
type___subclasscheck__	111	158
BaseException_str	115	157
PyIter_Next	121	157
float_getset	120	157
proxy_invert	120	157
PyImport_GetModuleDict	109	156
PyObject_CheckReadBuffer	107	156
codec_lookup	119	156
lookup_error	119	156
proxy_float	120	156
proxy_index	120	156
strict_errors	118	156
api_version_warning	111	155
proxy_long	120	155
PyObject_GC_Del	114	154
PyStructSequence_New	109	154
gc_set_thresh	116	154
gen_repr	121	154
method_repr	130	154
proxy_abs	120	154
proxy_int	120	154
proxy_neg	120	154
proxy_pos	120	154
PyMarshal_Init	114	153
PyNumber_InPlacePower	107	153
environ@@GLIBC_2.2.5	90	153
posix__exit	116	152
BaseException_get_dict	104	151
KeyError_str	114	151
PyObject_Type	113	151
bool_and	118	151
bool_xor	118	151
capsule_repr	114	151
bool_or	118	150
cm_descr_get	113	150
meth_repr	116	150
referrersvisit	111	150
PyEval_GetLocals	108	149
PyRun_StringFlags	106	148
convwidth_base.9856	148	44
structseq_item	109	148
listreviter_len	107	147
CSWTCH.33	112	146
PyLong_FromSsize_t	103	146
reversed_dealloc	105	146
PyEval_GetRestricted	100	145
Py_GetVersion	107	145
_PyObject_New	107	145
long_get1	111	145
_PyImport_Fini	105	144
meth_compare	107	144
proxy_ass_slice	104	144
range_item	109	144
proxy_length	106	143
tupleitem	109	143
BaseException_get_args	95	142
BaseException_methods	96	142
PyLong_FromSize_t	100	142
PyOS_double_to_string	96	142
PyOS_string_to_double	96	142
proxy_nonzero	104	142
proxy_setattr	104	142
weakref_getweakrefcount	94	142
dictiter_len	104	141
listreviter_dealloc	97	141
object_sizeof	103	141
PyDict_Size	104	140
PyEval_GetBuiltins	97	140
proxy_iternext	101	140
setiter_len	104	140
version_info_fields	96	140
wrapperdescr_get_doc	95	140
rangeiter_next	100	139
sys_exc_info	102	139
warnings_functions	96	139
PyString_Size	100	138
builtin_len	102	138
cell_repr	104	138
float_dealloc	100	138
rl_attempted_completion_function	89	138
signal_pause	101	138
I_close	105	137
PyString_AsString	95	137
Py_GetBuildInfo	97	137
conv_descriptor	97	137
file_fileno	101	137
gc_set_debug	100	137
proxy_slice	101	137
PyObject_GC_UnTrack	92	136
int_dealloc	100	136
overrides_name.isra.7	90	136
proxy_iter	101	136
PyDict_Keys	99	135
cell_get_contents	93	135
meth_get__doc__	95	135
set_slot	102	135
PyErr_Fetch	98	134
getset_get_doc	95	134
imp_modules_reloading_clear	82	134
member_get_doc	95	134
range_methods	96	134
slice_methods	96	134
cell_clear	98	133
dictview_dealloc	92	133
subtype_getsets_weakref_only	80	133
PyObject_HashNotImplemented	80	132
PySys_GetObject	92	132
generations	96	132
initialized	20	132
setiter_dealloc	92	132
PyCell_Get	96	131
PyOS_AfterFork	92	131
_check_and_flush	90	131
buffer_dealloc	92	131
cm_clear	98	131
dict_clear	96	131
listiter_len	94	131
posix_setpgrp	93	131
sm_clear	98	131
wrapper_doc	95	131
BaseException_as_sequence	80	130
IO_reset	97	130
PyList_SetSlice	90	130
__PRETTY_FUNCTION__.9254	33	130
get_current_history_length	79	130
initlibc	97	130
posix_setsid	93	130
rl_attempted_completion_over	81	130
sm_descr_get	93	130
subtype_getsets_dict_only	80	130
PyGC_Collect	92	129
PyTuple_Size	92	129
frame_getlineno	89	129
listreviter_traverse	84	129
type_dict	95	129
zipimporter_traverse	84	129
PyList_Size	92	128
_PyObject_NextNotImplemented	75	128
frame_sizeof	91	128
long_get0	94	128
BitLengthTable	64	127
PyObject_InitVar	86	127
PyStaticMethod_New	84	127
dictvalues_as_sequence	80	127
sys_getdlopenflags	84	127
PyCFunction_ClearFreeList.part.5	69	126
PyEval_GetGlobals	84	126
Py_FatalError	88	126
dictitems_as_sequence	80	126
dictview_traverse	84	126
instancemethod_getset	80	126
listiter_traverse	84	126
reversed_traverse	84	126
structseq_as_sequence	80	126
tupleiter_len	88	126
wrapper_compare	86	126
dictkeys_as_sequence	80	125
instance_as_sequence	80	125
setiter_traverse	84	125
string_buffer_getcharbuf	94	125
string_buffer_getreadbuf	94	125
PyMethod_ClearFreeList.part.16	69	124
PyObject_Init	86	124
module_traverse	84	124
wrapperdescr_getset	80	124
IO_isatty	89	123
PyFrame_GetLineNumber	77	123
SystemExit_members	80	123
buffer_as_sequence	80	123
checksignals_witharg	78	123
codec_register	84	123
descr_traverse	84	123
get_completer	95	123
proxy_traverse	84	123
slot_nb_inplace_floor_divide	70	123
string_as_sequence	80	123
IO_flush	89	122
PyMem_Realloc	84	122
_PyImport_StandardFiletab	72	122
_PyWeakref_GetWeakrefCount	71	122
cell_traverse	84	122
descr_setcheck.isra.2.part.3	69	122
iter_traverse	84	122
proxy_has_key	84	122
range_as_sequence	80	122
slot_nb_inplace_true_divide	70	122
tuple_as_sequence	80	122
PyErr_CheckSignals	78	121
PyMem_Malloc	84	121
PyThreadState_Get	79	121
Py_CompileStringFlags	75	121
builtin_hash	84	121
cleanup_buffer	82	121
dict_as_sequence	80	121
list_as_sequence	80	121
set_sizeof	86	121
string_mod	86	121
PySys_HasWarnOptions	75	120
_PyString_Eq	83	120
cell_getsetlist	80	120
cm_traverse	84	120
dict_sizeof	84	120
gc_traverse	84	120
set_as_sequence	80	120
slot_nb_inplace_remainder	70	120
sm_traverse	84	120
wrapper_members	80	120
PyDict_Clear	82	119
PyFile_DecUseCount.part.8	69	119
_PyLong_Init	82	119
cmpwrapper_dealloc	92	119
func_repr	85	119
gen_getsetlist	80	119
long_sizeof	83	119
method_get_doc	95	119
module_members	80	119
object_getsets	80	119
slot_nb_inplace_multiply	70	119
slot_nb_inplace_subtract	70	119
PyOS_InterruptOccurred	71	118
PyType_IsSubtype.part.32	69	118
cleanup_ptr	82	118
cm_memberlist	80	118
getset_getset	80	118
int_coerce	83	118
member_getset	80	118
sm_memberlist	80	118
wrap_init	84	118
O_memberlist	80	117
capsule_dealloc	77	117
meth_members	80	117
slot_nb_inplace_divide	70	117
slot_nb_inplace_lshift	70	117
slot_nb_inplace_rshift	70	117
wrapper_repr	80	117
_PyErr_BadInternalCall	69	116
frame_getrestricted	72	116
inplace_divrem1.part.0	69	116
slot_nb_inplace_power	70	116
__PRETTY_FUNCTION__.9298	42	115
builtin_compile	75	115
O_dealloc	80	114
char_from_hex.part.0	69	114
file_self	80	114
gc_list_merge.part.4	69	114
has_finalizer.part.5	69	114
kwd_as_string.part.0	69	114
reverse_slice.part.0	69	114
slot_nb_inplace_add	70	114
slot_nb_inplace_and	70	114
slot_nb_inplace_xor	70	114
EnvironmentError_methods	64	113
_PyLong_Copy.part.6	69	113
dictview_len	76	113
gc_get_thresh	75	113
proxy_as_mapping	48	113
slot_nb_inplace_or	70	113
tupleiter_traverse	84	113
v_complement.part.4	69	113
__PRETTY_FUNCTION__.9226	39	112
gc_get_count	75	112
rl_readline_version	72	112
slot_mp_subscript	70	112
sys_getprofile	73	112
_PyRandom_Fini	72	111
__PRETTY_FUNCTION__.9862	38	111
signal_default_int_handler	60	111
slot_tp_getattro	70	111
_PyFrame_Init	72	110
__PRETTY_FUNCTION__.9210	37	110
resource_getpagesize	65	110
rl_completer_word_break_characters	91	110
rl_completion_type	71	110
slice_reduce	73	110
sys_gettrace	73	110
I_dealloc	75	109
NullImporter_methods	64	109
__PRETTY_FUNCTION__.9373	36	109
__PRETTY_FUNCTION__.9411	36	109
i_divmod.part.1	69	109
int_print	75	109
reversediter_methods	64	109
sys_clear_type_cache	64	109
v_lshift.part.1	69	109
NullImporter_find_module	59	108
_Py_HashPointer	68	108
__PRETTY_FUNCTION__.9435	35	108
instance_floordiv	66	108
listreviter_methods	64	108
slot_nb_absolute	67	108
slot_nb_negative	67	108
slot_nb_positive	67	108
slot_tp_iternext	67	108
slotptr.part.1	69	108
string_sizeof	70	108
PyBool_FromLong	67	107
PyEval_EvalCode	67	107
PyImport_ImportModuleLevel	56	107
PyOS_InitInterrupts	63	107
__PRETTY_FUNCTION__.9329	34	107
bool_print	72	107
dict_tp_clear	69	107
instance_truediv	66	107
module_doc	4	107
string_buffer_getbuffer	76	107
string_getnewargs	65	107
time_clock	72	107
v_isub.part.3	69	107
Py_Finalize	70	106
__PRETTY_FUNCTION__.9525	33	106
float_getnewargs	65	106
float_nonzero	68	106
init_codecs	70	106
initfastlex	70	106
instance_divmod	66	106
instance_lshift	66	106
instance_rshift	66	106
rangeiter_methods	64	106
rl_readline_name	73	106
slot_nb_invert	67	106
structseq_methods	64	106
tupleiter_methods	64	106
_PyDict_Contains	80	105
app1.part.4	69	105
dictiter_methods	64	105
frame_gettrace	66	105
func_descr_get	66	105
listiter_methods	64	105
slice_hash	70	105
slot_nb_float	67	105
slot_nb_index	67	105
tp_new_methoddef	64	105
basestring_new	65	104
gc_disable	69	104
int_compare	68	104
method_getset	80	104
name_op	56	104
proxy_itervalues	63	104
seqiter_methods	64	104
setiter_methods	64	104
slot_nb_long	67	104
sys_getrecursionlimit	58	104
PyEval_GetCallStats	59	103
PyThreadState_Swap	60	103
Py_SetRecursionLimit	58	103
__PRETTY_FUNCTION__.9291	30	103
__PRETTY_FUNCTION__.9453	30	103
__PRETTY_FUNCTION__.9926	30	103
gc_enable	69	103
instance_add	66	103
instance_and	66	103
instance_div	66	103
instance_mod	66	103
instance_mul	66	103
instance_sub	66	103
instance_xor	66	103
object_subclasshook	59	103
proxy_iteritems	63	103
slot_nb_hex	67	103
slot_nb_int	67	103
slot_nb_oct	67	103
type_get_bases	64	103
__PRETTY_FUNCTION__.9340	29	102
__PRETTY_FUNCTION__.9621	29	102
__PRETTY_FUNCTION__.9927	29	102
builtin_callable	61	102
frame_methods	64	102
get_completer_delims	57	102
instance_or	66	102
kwd_list.9455	64	102
list_sizeof	66	102
object_str	67	102
proxy_iterkeys	63	102
referentsvisit	63	102
rl_line_buffer	71	102
set_nocmp	68	102
sys_getcheckinterval	57	102
PyImport_GetMagicNumber	53	101
__PRETTY_FUNCTION__.10327	27	101
get_completion_type	57	101
string_buffer_getwritebuf	70	101
__PRETTY_FUNCTION__.9304	27	100
__PRETTY_FUNCTION__.9608	27	100
builtin_globals	60	100
gc_get_debug	63	100
imp_acquire_lock	59	100
imp_release_lock	59	100
int_getnewargs	61	100
proxy_values	63	100
rl_event_hook	70	100
zip_searchorder	60	100
IO_methods	64	99
NotImplemented_repr	55	99
__PRETTY_FUNCTION__.9238	26	99
__PRETTY_FUNCTION__.9269	26	99
__PRETTY_FUNCTION__.9295	26	99
builtin_locals	60	99
object_get_class	58	99
proxy_items	63	99
stderr@@GLIBC_2.2.5	63	99
stdout@@GLIBC_2.2.5	63	99
wrapper_objclass	58	99
PyEval_GetFrame	58	98
PyType_GenericNew	56	98
__PRETTY_FUNCTION__.10062	24	98
__PRETTY_FUNCTION__.9188	25	98
__PRETTY_FUNCTION__.9316	25	98
_start	74	98
get_closed	63	98
int_hash	65	98
meth_get__name__	57	98
proxy_copy	63	98
proxy_keys	63	98
redisplay	64	98
set_clear	64	98
wrapper_name	61	98
Py_GetRecursionLimit	52	97
__PRETTY_FUNCTION__.9284	24	97
__PRETTY_FUNCTION__.9342	24	97
bin_inplace_power	55	97
builtin_max	61	97
get_line_buffer	57	97
object_dealloc	58	97
stdin@@GLIBC_2.2.5	62	97
IO_get_closed	69	96
PyErr_Occurred	57	96
PyObject_CallObject	52	96
func_get_name	58	96
posix_getpgrp	58	96
proxy_richcompare	54	96
rl_instream	68	96
PyObject_SelfIter	53	95
Py_Exit	63	95
__PRETTY_FUNCTION__.9190	22	95
gen_get_name	58	95
long_dealloc	58	95
long_hex	62	95
long_oct	62	95
posix_getpid	58	95
threadstate_getframe	50	95
PyNumber_Power	55	94
builtin_bin	58	94
builtin_min	58	94
cmp_constdefs	56	94
string_buffer_getsegcount	63	94
CAPI	64	93
PyInt_GetMax	56	93
PySys_SetArgv	55	93
__PRETTY_FUNCTION__.9275	20	93
ellipsis_repr	55	93
long_nonzero	56	93
sys_current_frames	50	93
sys_getrefcount	53	93
type_is_gc	58	93
[section .eh_frame]	92	92
_Py_hgidentifier	51	92
builtin_open	55	92
get_begidx	57	92
get_endidx	57	92
int_nonzero	56	92
none_dealloc	55	92
proxy_getiter	54	92
_PyInt_FromGid	52	91
_PyInt_FromUid	52	91
rl_startup_hook	72	91
string_repr	55	91
structseq_length	50	91
CSWTCH.210	55	90
Py_GetCompiler	51	90
Py_GetPlatform	51	90
__PRETTY_FUNCTION__.9476	17	90
builtin_repr	53	90
float_hash	55	90
imp_lock_held	52	90
int_get0	57	90
int_get1	57	90
onintr	59	90
rangeiter_len	61	90
sys_files	56	90
_PyList_Extend	50	89
_Py_hgversion	51	89
bin_power	55	89
buffer_as_buffer	48	89
builtin_abs	53	89
long_info_fields	48	89
long_repr	55	89
none_repr	55	89
string_as_buffer	48	89
PyDict_Update	50	88
builtin_id	53	88
proxy_len	54	88
string_length	50	88
int_long	54	87
mro_external	50	87
range_length	50	87
wrap_call	53	87
dict_length	50	86
gc_isenabled	57	86
list_length	50	86
tuplelength	50	86
PyMem_Free	50	85
kwlist.10038	48	85
long_str	52	85
posix_abort	49	85
get_history_length	57	84
kwlist.9293	48	84
__PRETTY_FUNCTION__.10354	32	82
__PRETTY_FUNCTION__.9483	33	82
half_even_correction.9951	32	82
set_len	50	82
errmsg.10284	44	81
__PRETTY_FUNCTION__.9322	31	80
__PRETTY_FUNCTION__.9669	31	80
ptrs.11173	80	35
__PRETTY_FUNCTION__.9685	30	79
main	50	79
struct_time_type_desc	32	78
kwlist.10582	40	77
methods.9480	40	77
struct_pwd_type_desc	32	77
kwlist.9597	40	76
statvfs_result_desc	32	76
__PRETTY_FUNCTION__.10374	25	75
__PRETTY_FUNCTION__.9546	26	75
struct_rusage_desc	32	75
__PRETTY_FUNCTION__.11268	24	74
__PRETTY_FUNCTION__.9366	25	74
__PRETTY_FUNCTION__.9683	25	74
__libc_csu_fini	34	74
version_info_desc	32	74
__PRETTY_FUNCTION__.10069	23	73
__PRETTY_FUNCTION__.9391	24	73
__PRETTY_FUNCTION__.9595	24	73
__PRETTY_FUNCTION__.9675	24	73
stat_result_desc	32	73
__PRETTY_FUNCTION__.9565	23	72
__PRETTY_FUNCTION__.9751	23	72
__PRETTY_FUNCTION__.9976	23	72
__PRETTY_FUNCTION__.9990	23	72
__PRETTY_FUNCTION__.10775	21	71
__PRETTY_FUNCTION__.9178	22	71
__PRETTY_FUNCTION__.9186	22	71
__PRETTY_FUNCTION__.9301	22	71
__PRETTY_FUNCTION__.9423	22	71
__PRETTY_FUNCTION__.9491	22	71
__PRETTY_FUNCTION__.9560	22	71
__PRETTY_FUNCTION__.9814	22	71
__PRETTY_FUNCTION__.9878	22	71
floatinfo_desc	32	71
long_info_desc	32	71
__PRETTY_FUNCTION__.9386	21	70
__PRETTY_FUNCTION__.9462	21	70
__PRETTY_FUNCTION__.9541	21	70
__PRETTY_FUNCTION__.9848	21	70
__PRETTY_FUNCTION__.10507	19	69
__PRETTY_FUNCTION__.9231	20	69
__PRETTY_FUNCTION__.9248	20	69
__PRETTY_FUNCTION__.9302	20	69
__PRETTY_FUNCTION__.9341	20	69
__PRETTY_FUNCTION__.9511	20	69
kw_list.9446	32	69
kwlist.10450	32	69
structseq_as_mapping	24	69
__PRETTY_FUNCTION__.9211	19	68
__PRETTY_FUNCTION__.9315	19	68
__PRETTY_FUNCTION__.9365	19	68
__PRETTY_FUNCTION__.9650	19	68
__PRETTY_FUNCTION__.9715	19	68
__PRETTY_FUNCTION__.9798	19	68
__PRETTY_FUNCTION__.9904	19	68
instance_as_mapping	24	68
kwlist.9258	32	68
kwlist.9615	32	68
kwlist.9749	32	68
kwlist.9936	32	68
__PRETTY_FUNCTION__.10039	17	67
__PRETTY_FUNCTION__.10201	17	67
__PRETTY_FUNCTION__.10439	17	67
__PRETTY_FUNCTION__.9311	18	67
__PRETTY_FUNCTION__.9487	18	67
__PRETTY_FUNCTION__.9688	18	67
__PRETTY_FUNCTION__.9709	18	67
__PRETTY_FUNCTION__.9772	18	67
__PRETTY_FUNCTION__.9863	18	67
flags_desc	32	67
CSWTCH.37	32	66
__PRETTY_FUNCTION__.10083	16	66
__PRETTY_FUNCTION__.10379	16	66
__PRETTY_FUNCTION__.10467	16	66
__PRETTY_FUNCTION__.10700	16	66
__PRETTY_FUNCTION__.10878	16	66
__PRETTY_FUNCTION__.9235	17	66
__PRETTY_FUNCTION__.9271	17	66
__PRETTY_FUNCTION__.9272	17	66
__PRETTY_FUNCTION__.9472	17	66
__PRETTY_FUNCTION__.9535	17	66
__PRETTY_FUNCTION__.9563	17	66
__PRETTY_FUNCTION__.9583	17	66
__PRETTY_FUNCTION__.9633	17	66
__PRETTY_FUNCTION__.9651	17	66
__PRETTY_FUNCTION__.9694	17	66
__PRETTY_FUNCTION__.9706	17	66
__PRETTY_FUNCTION__.9928	17	66
__PRETTY_FUNCTION__.9980	17	66
buffer_as_mapping	24	66
string_as_mapping	24	66
_Py_NotImplementedStruct	16	65
__PRETTY_FUNCTION__.10049	15	65
__PRETTY_FUNCTION__.10093	15	65
__PRETTY_FUNCTION__.11325	15	65
__PRETTY_FUNCTION__.9286	16	65
__PRETTY_FUNCTION__.9306	16	65
__PRETTY_FUNCTION__.9307	16	65
__PRETTY_FUNCTION__.9368	16	65
__PRETTY_FUNCTION__.9460	16	65
__PRETTY_FUNCTION__.9492	16	65
__PRETTY_FUNCTION__.9505	16	65
__PRETTY_FUNCTION__.9551	16	65
__PRETTY_FUNCTION__.9586	16	65
__PRETTY_FUNCTION__.9698	16	65
tuple_as_mapping	24	65
__PRETTY_FUNCTION__.10023	14	64
__PRETTY_FUNCTION__.10094	14	64
__PRETTY_FUNCTION__.10149	14	64
__PRETTY_FUNCTION__.10347	14	64
__PRETTY_FUNCTION__.11215	14	64
__PRETTY_FUNCTION__.11297	14	64
__PRETTY_FUNCTION__.9246	15	64
__PRETTY_FUNCTION__.9299	15	64
__PRETTY_FUNCTION__.9339	15	64
__PRETTY_FUNCTION__.9374	15	64
__PRETTY_FUNCTION__.9409	15	64
__PRETTY_FUNCTION__.9427	15	64
__PRETTY_FUNCTION__.9449	15	64
__PRETTY_FUNCTION__.9468	15	64
__PRETTY_FUNCTION__.9499	15	64
__PRETTY_FUNCTION__.9766	15	64
dict_as_mapping	24	64
fd_builtin.9747	24	64
fd_package.9748	24	64
importhookdescr	24	64
list_as_mapping	24	64
_Py_TrueStruct	24	63
_Py_ZeroStruct	24	63
__PRETTY_FUNCTION__.10072	13	63
__PRETTY_FUNCTION__.10160	13	63
__PRETTY_FUNCTION__.10338	13	63
__PRETTY_FUNCTION__.10343	13	63
__PRETTY_FUNCTION__.10368	13	63
__PRETTY_FUNCTION__.10476	13	63
__PRETTY_FUNCTION__.10703	13	63
__PRETTY_FUNCTION__.8617	14	63
__PRETTY_FUNCTION__.9201	14	63
__PRETTY_FUNCTION__.9209	14	63
__PRETTY_FUNCTION__.9247	14	63
__PRETTY_FUNCTION__.9261	14	63
__PRETTY_FUNCTION__.9263	14	63
__PRETTY_FUNCTION__.9285	14	63
__PRETTY_FUNCTION__.9323	14	63
__PRETTY_FUNCTION__.9352	14	63
__PRETTY_FUNCTION__.9404	14	63
__PRETTY_FUNCTION__.9407	14	63
__PRETTY_FUNCTION__.9432	14	63
__PRETTY_FUNCTION__.9463	14	63
__PRETTY_FUNCTION__.9540	14	63
__PRETTY_FUNCTION__.9590	14	63
__PRETTY_FUNCTION__.9618	14	63
__PRETTY_FUNCTION__.9897	14	63
__PRETTY_FUNCTION__.9959	14	63
__PRETTY_FUNCTION__.9992	14	63
PyStructSequence_UnnamedField	8	62
_Py_SwappedOp	24	62
__PRETTY_FUNCTION__.10639	12	62
__PRETTY_FUNCTION__.11144	12	62
__PRETTY_FUNCTION__.11157	12	62
__PRETTY_FUNCTION__.9206	13	62
__PRETTY_FUNCTION__.9244	13	62
__PRETTY_FUNCTION__.9309	13	62
__PRETTY_FUNCTION__.9349	13	62
__PRETTY_FUNCTION__.9496	13	62
__PRETTY_FUNCTION__.9548	13	62
__PRETTY_FUNCTION__.9610	13	62
__PRETTY_FUNCTION__.9692	13	62
urandom_cache	24	62
__PRETTY_FUNCTION__.10103	11	61
__PRETTY_FUNCTION__.9185	12	61
__PRETTY_FUNCTION__.9192	12	61
__PRETTY_FUNCTION__.9282	12	61
__PRETTY_FUNCTION__.9283	12	61
__PRETTY_FUNCTION__.9292	12	61
__PRETTY_FUNCTION__.9317	12	61
__PRETTY_FUNCTION__.9372	12	61
__PRETTY_FUNCTION__.9466	12	61
__PRETTY_FUNCTION__.9503	12	61
__PRETTY_FUNCTION__.9518	12	61
__PRETTY_FUNCTION__.9524	12	61
__PRETTY_FUNCTION__.9686	12	61
__PRETTY_FUNCTION__.9714	12	61
__PRETTY_FUNCTION__.9849	12	61
kwlist.10427	24	61
kwlist.10517	24	61
kwlist.10528	24	61
visible_length_key	18	61
__PRETTY_FUNCTION__.9196	11	60
__PRETTY_FUNCTION__.9256	11	60
__PRETTY_FUNCTION__.9353	11	60
__PRETTY_FUNCTION__.9367	11	60
__PRETTY_FUNCTION__.9393	11	60
__PRETTY_FUNCTION__.9486	11	60
__PRETTY_FUNCTION__.9488	11	60
__PRETTY_FUNCTION__.9490	11	60
__PRETTY_FUNCTION__.9512	11	60
__PRETTY_FUNCTION__.9697	11	60
__PRETTY_FUNCTION__.9907	11	60
kwlist.9189	24	60
kwlist.9260	24	60
kwlist.9291	24	60
kwlist.9575	24	60
kwlist.9803	24	60
unnamed_fields_key	17	60
_Py_EllipsisObject	16	59
__PRETTY_FUNCTION__.10180	9	59
__PRETTY_FUNCTION__.10229	9	59
__PRETTY_FUNCTION__.9262	10	59
__PRETTY_FUNCTION__.9277	10	59
__PRETTY_FUNCTION__.9343	10	59
__PRETTY_FUNCTION__.9358	10	59
__PRETTY_FUNCTION__.9390	10	59
__PRETTY_FUNCTION__.9416	10	59
__PRETTY_FUNCTION__.9443	10	59
__PRETTY_FUNCTION__.9451	10	59
__PRETTY_FUNCTION__.9506	10	59
__PRETTY_FUNCTION__.9585	10	59
__PRETTY_FUNCTION__.9620	10	59
__PRETTY_FUNCTION__.9838	10	59
__PRETTY_FUNCTION__.9867	10	59
block_list	16	59
tries.9314	24	59
__PRETTY_FUNCTION__.10404	8	58
__PRETTY_FUNCTION__.11167	8	58
__PRETTY_FUNCTION__.9290	9	58
__PRETTY_FUNCTION__.9327	9	58
__PRETTY_FUNCTION__.9369	9	58
__PRETTY_FUNCTION__.9414	9	58
__PRETTY_FUNCTION__.9426	9	58
__PRETTY_FUNCTION__.9600	9	58
__PRETTY_FUNCTION__.9607	9	58
__PRETTY_FUNCTION__.9625	9	58
__PRETTY_FUNCTION__.9646	9	58
__PRETTY_FUNCTION__.9672	9	58
__PRETTY_FUNCTION__.9750	9	58
__PRETTY_FUNCTION__.9777	9	58
__PRETTY_FUNCTION__.9839	9	58
__PRETTY_FUNCTION__.9955	9	58
__PRETTY_FUNCTION__.9194	8	57
__PRETTY_FUNCTION__.9395	8	57
__PRETTY_FUNCTION__.9458	8	57
__PRETTY_FUNCTION__.9710	8	57
__PRETTY_FUNCTION__.10034	6	56
__PRETTY_FUNCTION__.10111	6	56
__PRETTY_FUNCTION__.9642	7	56
__PRETTY_FUNCTION__.9657	7	56
whatstrings	56	36
_Py_NoneStruct	16	55
cStringIO_module_documentation	1	55
dummy	16	54
keywords.9479	16	54
PyOS_ReadlineFunctionPointer	8	53
Py_FileSystemDefaultEncoding	8	53
[section .comment]	0	53
kwlist.10691	16	53
OVM_BUNDLE_FILENAME	8	52
_Py_CheckRecursionLimit	4	52
buildinfo.9176	52	39
kwlist.9193	16	52
kwlist.9400	16	52
kwlist.9680	16	52
kwlist.9866	16	52
narenas_currently_allocated	8	52
_Py_HashSecret_Initialized	4	51
_PyGC_generation0	8	50
branch	50	31
shortbranch	50	29
PyExc_RecursionErrorInst	8	49
Py_DontWriteBytecodeFlag	4	49
Py_HashRandomizationFlag	4	49
Py_IgnoreEnvironmentFlag	4	49
real_length_key	9	49
ticks_per_second	8	49
_PyThreadState_GetFrame	8	48
_PyTrash_delete_nesting	4	48
empty_argv.9936	8	48
op_str.11090	48	37
Py_DivisionWarningFlag	4	47
Py_NoUserSiteDirectory	4	47
_PyThreadState_Current	8	47
detected_double_format	4	47
functools_reduce.10557	8	47
get_history_length_doc	1	47
getattribute_str.11054	8	47
getattribute_str.11071	8	47
set_history_length_doc	1	47
PyCapsule_Type__doc__	1	46
PyExc_MemoryErrorInst	8	46
_Py_CheckInterval	4	46
detected_float_format	4	46
statvfs_result__doc__	1	46
_PyOS_ReadlineTState	8	45
completer_word_break_characters	8	45
get_source_name.9463	8	45
splitlines_name.9464	8	45
struct_passwd__doc__	1	45
struct_rusage__doc__	1	45
unused_arena_objects	8	45
IO_readlines__doc__	1	44
O_writelines__doc__	1	44
Py_BytesWarningFlag	4	44
_Py_TracingPossible	4	44
_history_length	4	44
doc_replace_history	1	44
importing_zlib.9453	4	44
not_yet_string.9606	8	44
recursion_limit	4	44
reversed_cache.9234	8	44
struct_rusage.10815	8	44
version_info__doc__	1	44
zip_directory_cache	8	44
IO_StringIO__doc__	1	43
IO_readline__doc__	1	43
IO_truncate__doc__	1	43
Py_InteractiveFlag	4	43
Py_Py3kWarningFlag	4	43
_Py_PackageContext	8	43
contains_str.10746	8	43
delslice_str.10736	8	43
dictvalues_methods	32	43
doc_remove_history	1	43
getslice_str.10720	8	43
instancemethod_doc	1	43
long_lived_pending	8	43
pendingcalls_to_do	4	43
setslice_str.10737	8	43
stat_result__doc__	1	43
str__sizeof__.9794	8	43
MAIN_NAME	8	42
_PyImport_Filetab	8	42
__contains__.9658	8	42
builtins_str.9991	8	42
copyreg_str.10202	8	42
delattr_str.11079	8	42
delitem_str.10727	8	42
delitem_str.10758	8	42
dictitems_methods	32	42
format_cache.9569	8	42
getattr_str.11072	8	42
getitem_str.10709	8	42
getitem_str.11103	8	42
initialized.11214	4	42
nonzero_str.10843	8	42
old_siginthandler	8	42
pyc_magic	8	42
setattr_str.11080	8	42
setitem_str.10728	8	42
setitem_str.10759	8	42
str_newline.10454	8	42
warnings_str.9238	8	42
IO_getval__doc__	1	41
IO_isatty__doc__	1	41
coerce_str.10900	8	41
default_str.9506	8	41
delslicestr.9653	8	41
dictkeys_methods	32	41
dummy_args.10451	8	41
floatinfo__doc__	1	41
gen__name__doc__	1	41
getslicestr.9634	8	41
long_info__doc__	1	41
long_lived_total	8	41
missing_str.9430	8	41
next_version_tag	4	41
rcache_str.10765	8	41
rcache_str.10773	8	41
rcache_str.10781	8	41
rcache_str.10789	8	41
rcache_str.10797	8	41
rcache_str.10805	8	41
rcache_str.10817	8	41
rcache_str.10861	8	41
rcache_str.10869	8	41
rcache_str.10877	8	41
rcache_str.10885	8	41
rcache_str.10893	8	41
rcache_str.10986	8	41
rcache_str.10994	8	41
setslicestr.9652	8	41
staticmethod_doc	1	41
IO_flush__doc__	1	40
IO_reset__doc__	1	40
__bases__.10108	8	40
__class__.10133	8	40
_default_action	8	40
cache_str.10751	8	40
cache_str.10764	8	40
cache_str.10772	8	40
cache_str.10780	8	40
cache_str.10788	8	40
cache_str.10796	8	40
cache_str.10804	8	40
cache_str.10816	8	40
cache_str.10829	8	40
cache_str.10833	8	40
cache_str.10837	8	40
cache_str.10855	8	40
cache_str.10860	8	40
cache_str.10868	8	40
cache_str.10876	8	40
cache_str.10884	8	40
cache_str.10892	8	40
cache_str.10908	8	40
cache_str.10912	8	40
cache_str.10916	8	40
cache_str.10920	8	40
cache_str.10924	8	40
cache_str.10929	8	40
cache_str.10934	8	40
cache_str.10939	8	40
cache_str.10944	8	40
cache_str.10949	8	40
cache_str.10955	8	40
cache_str.10960	8	40
cache_str.10965	8	40
cache_str.10970	8	40
cache_str.10975	8	40
cache_str.10980	8	40
cache_str.10985	8	40
cache_str.10993	8	40
cache_str.11001	8	40
cache_str.11006	8	40
class_str.11337	8	40
classmethod_doc	1	40
doc_add_history	1	40
err_format.9801	8	40
hintstrobj.9357	8	40
ignore_str.9504	8	40
import_str.9992	8	40
index_str.10851	8	40
nonzerostr.9851	8	40
silly_list.9990	8	40
sortwrapper_doc	1	40
str_space.10455	8	40
trunc_name.9811	8	40
trunc_name.9830	8	40
warnings__doc__	1	40
zipimporter_doc	1	40
DefaultHandler	8	39
IO_read__doc__	1	39
IO_seek__doc__	1	39
IO_tell__doc__	1	39
O_close__doc__	1	39
O_write__doc__	1	39
PyOS_InputHook	8	39
Py_InspectFlag	4	39
Py_UnicodeFlag	4	39
Py_VerboseFlag	4	39
ZipImportError	8	39
_Py_HashSecret	16	39
_once_registry	8	39
builtin_object	8	39
call_str.11047	8	39
completed.7594	1	39
dictionary_doc	1	39
emptyfrozenset	8	39
error_str.9505	8	39
exceptions_doc	1	39
hash_str.11037	8	39
init_str.11130	8	39
iter_str.11102	8	39
next_str.11108	8	39
repr_str.11026	8	39
IgnoreHandler	8	38
Py_FrozenFlag	4	38
Py_NoSiteFlag	4	38
ResourceError	8	38
__name__.9210	8	38
cmp_str.11014	8	38
cmp_str.11039	8	38
del_str.11123	8	38
del_str.11151	8	38
dict_str.9874	8	38
errno_methods	32	38
frozenset_doc	1	38
get_str.11116	8	38
indexstr.9857	8	38
int_name.9804	8	38
int_name.9870	8	38
len_str.10702	8	38
len_str.10844	8	38
new_str.11138	8	38
pow_str.10825	8	38
set_str.11124	8	38
str_str.11032	8	38
usable_arenas	8	38
wakeup_fd	4	38
zipimport_doc	1	38
Itype__doc__	1	37
Otype__doc__	1	37
Py_DebugFlag	4	37
_Py_QnewFlag	4	37
cmp_obj.9834	8	37
dir_str.9603	8	37
eq_str.11038	8	37
errno__doc__	1	37
flags__doc__	1	37
hashstr.9582	8	37
initstr.9453	8	37
instance_doc	1	37
mro_str.9818	8	37
namestr.9229	8	37
namestr.9896	8	37
pathstr.9897	8	37
pendingfirst	4	37
posix__doc__	1	37
posix_putenv_garbage	8	37
property_doc	1	37
reprstr.9566	8	37
reversed_doc	1	37
socket_error	8	37
startup_hook	8	37
svn_revision	8	37
ItimerError	8	36
[section .note.gnu.build-id]	36	36
builtin_doc	1	36
cmpstr.9584	8	36
comma.10130	8	36
delstr.9470	8	36
docstr.9227	8	36
docstr.9967	8	36
enabled	4	36
interp_head	8	36
kwlist.9249	8	36
marshal_doc	1	36
modstr.9228	8	36
pendinglast	4	36
pkgstr.9898	8	36
pname.11172	8	36
strstr.9575	8	36
warnoptions	8	36
IntHandler	8	35
_Py_Ticker	4	35
buffer_doc	1	35
coerce_obj	8	35
collecting	4	35
delattrstr	8	35
delitemstr	8	35
doc_module	1	35
enter.9989	8	35
eqstr.9583	8	35
extensions	8	35
getattrstr	8	35
getitemstr	8	35
is_tripped	4	35
name.10141	8	35
name.10161	8	35
nexitfuncs	4	35
nullstring	8	35
pwd__doc__	1	35
setattrstr	8	35
setitemstr	8	35
string_doc	1	35
busy.9515	4	34
busy.9521	4	34
class_doc	1	34
completer	8	34
exit.9988	8	34
false_str	8	34
float_doc	1	34
functions	32	34
gc__doc__	1	34
maxarenas	4	34
range_doc	1	34
slice_doc	1	34
super_doc	1	34
tuple_doc	1	34
_filters	8	33
bool_doc	1	33
code_doc	1	33
enum_doc	1	33
file_doc	1	33
func_doc	1	33
indexerr	8	33
interned	8	33
list_doc	1	33
long_doc	1	33
one.9206	8	33
true_str	8	33
type_doc	1	33
PyExc_ArithmeticError	8	32
PyExc_AssertionError	8	32
PyExc_AttributeError	8	32
PyExc_BaseException	8	32
PyExc_BufferError	8	32
PyExc_BytesWarning	8	32
PyExc_DeprecationWarning	8	32
PyExc_EOFError	8	32
PyExc_EnvironmentError	8	32
PyExc_Exception	8	32
PyExc_FloatingPointError	8	32
PyExc_FutureWarning	8	32
PyExc_GeneratorExit	8	32
PyExc_IOError	8	32
PyExc_ImportError	8	32
PyExc_ImportWarning	8	32
PyExc_IndentationError	8	32
PyExc_IndexError	8	32
PyExc_KeyError	8	32
PyExc_KeyboardInterrupt	8	32
PyExc_LookupError	8	32
PyExc_MemoryError	8	32
PyExc_NameError	8	32
PyExc_NotImplementedError	8	32
PyExc_OSError	8	32
PyExc_OverflowError	8	32
PyExc_PendingDeprecationWarning	8	32
PyExc_ReferenceError	8	32
PyExc_RuntimeError	8	32
PyExc_RuntimeWarning	8	32
PyExc_StandardError	8	32
PyExc_StopIteration	8	32
PyExc_SyntaxError	8	32
PyExc_SyntaxWarning	8	32
PyExc_SystemError	8	32
PyExc_SystemExit	8	32
PyExc_TabError	8	32
PyExc_TypeError	8	32
PyExc_UnboundLocalError	8	32
PyExc_UnicodeError	8	32
PyExc_UnicodeWarning	8	32
PyExc_UserWarning	8	32
PyExc_ValueError	8	32
PyExc_Warning	8	32
PyExc_ZeroDivisionError	8	32
PyImport_Inittab	8	32
[section .note.ABI-tag]	32	32
doc_imp	1	32
garbage	8	32
int_doc	1	32
iterstr	8	32
moddict	8	32
nextstr	8	32
sys_doc	1	32
delstr	8	31
gc_str	8	31
lenstr	8	31
o.9721	8	31
o.9725	8	31
o.9729	8	31
o.9861	8	31
o.9865	8	31
o.9874	8	31
o.9878	8	31
o.9882	8	31
o.9886	8	31
_stat_float_times	4	29
tmod	8	29
[section .interp]	28	28
basestring_doc	1	28
doc_get_begidx	1	28
doc_get_completer	1	28
doc_get_completer_delims	1	28
doc_get_completion_type	1	28
doc_get_current_history_length	1	28
doc_get_endidx	1	28
doc_get_history_item	1	28
doc_get_line_buffer	1	28
doc_insert_text	1	28
doc_parse_and_bind	1	28
doc_read_history_file	1	28
doc_read_init_file	1	28
doc_redisplay	1	28
doc_set_completer	1	28
doc_set_completer_delims	1	28
doc_set_completion_display_matches_hook	1	28
doc_set_startup_hook	1	28
doc_write_history_file	1	28
svn_initialized	4	28
cmpwrapper_doc	1	27
[section .init]	26	26
[section .rela.dyn]	24	24
[section .rela.plt]	24	24
arenas	8	24
begidx	8	24
completion_display_matches_hook	8	24
debug	4	24
double_format	4	24
endidx	8	24
float_format	4	24
set_doc	1	24
[section .eh_frame_hdr]	20	20
[section .fini]	9	9
[LOAD [RW]]	8	8
[section .got]	8	8
[section .jcr]	8	8
[section .plt.got]	8	8
